course_name,platform,skills_taught,course_url,difficulty,rating
Analytical Solutions to Common Healthcare Problems,"University of California, Davis",,https://www.coursera.org/learn/analytical-solutions-common-healthcare-problems,Intermediate level,4.6
Understanding Einstein: The Special Theory of Relativity,Stanford University,,https://www.coursera.org/learn/einstein-relativity,Beginner level,4.9
JavaScript for Beginners Specialization,"University of California, Davis",,https://www.coursera.org/specializations/javascript-beginner,Beginner level,4.7
"Security, Compliance, and Governance for AI Solutions",Amazon Web Services,,https://www.coursera.org/learn/security-compliance-and-governance-for-ai-solutions,Beginner level,0.0
Understanding Fitness Programming,National Academy of Sports Medicine,,https://www.coursera.org/learn/understanding-fitness-programming,Beginner level,0.0
Educating Deaf Children: Becoming an Empowered Teacher,University of Cape Town,,https://www.coursera.org/learn/educating-deaf-children,Beginner level,4.9
Scandinavian Film and Television,University of Copenhagen,,https://www.coursera.org/learn/scandinavian-movies-tv,Beginner level,4.7
Foundations of Music Promotion & Branding,GRAMMY GO,,https://www.coursera.org/learn/foundations-of-music-promotion-branding,Beginner level,0.0
Photovoltaic Systems,Technical University of Denmark (DTU),,https://www.coursera.org/learn/photovoltaic-systems,Intermediate level,4.6
SEL for Students: A Path to Social Emotional Well-Being,University of Colorado Boulder,,https://www.coursera.org/learn/sel-for-students,Advanced level,4.8
Inclusive Leadership: The Power of Workplace Diversity,University of Colorado System,,https://www.coursera.org/learn/inclusiveleadership,Beginner level,4.9
Averaged-Switch Modeling and Simulation,University of Colorado Boulder,,https://www.coursera.org/learn/averagedswitchmodelingandsimulation,Intermediate level,4.7
Problem Solving Using Computational Thinking,University of Michigan,,https://www.coursera.org/learn/compthinking,Beginner level,4.6
"Oralpha: Literacy for new citizens, a course for trainers",Universitat Autònoma de Barcelona,,https://www.coursera.org/learn/oralpha-literacy-for-new-citizens-for-trainers,Beginner level,0.0
Strategies for Cloud Security Risk Management,Google Cloud,,https://www.coursera.org/learn/strategies-for-cloud-security-risk-management,Beginner level,4.6
Access Controls,ISC2,,https://www.coursera.org/learn/access-control-sscp,Beginner level,4.7
Intel® Solutions Pro – Principles of AI Everywhere,Intel,,https://www.coursera.org/learn/intel-solutions-pro-principles-ai-everywhere,Intermediate level,0.0
Nuclear fuel management: a practical approach Specialization,Universidad Nacional Autónoma de México,,https://www.coursera.org/specializations/nuclear-fuel,Intermediate level,4.9
How to Create and Explore a Data Set,American Psychological Association,,https://www.coursera.org/learn/data-sets,Beginner level,0.0
Fundamentals of Data Analytics in the Public Sector with R,University of Michigan,,https://www.coursera.org/learn/fundamentals-of-data-analytics-in-the-public-sector-with-r,Intermediate level,4.7
English and Academic Preparation - Pre-Collegiate,Rice University,,https://www.coursera.org/learn/glasscock,Beginner level,4.7
Electronic Music Performance Techniques,Berklee,,https://www.coursera.org/learn/edi-performance-techniques,Intermediate level,4.2
AR (Augmented Reality) & Video Streaming Services Emerging Technologies,Yonsei University,,https://www.coursera.org/learn/ar-technologies-video-streaming,Beginner level,4.7
Build and Operate Machine Learning Solutions with Azure,Microsoft,,https://www.coursera.org/learn/build-and-operate-machine-learning-solutions-with-azure,Intermediate level,3.8
Introduction to Sustainability,University of Illinois Urbana-Champaign,,https://www.coursera.org/learn/sustainability,Beginner,4.8
Cloud Deployment and Scaling with ASP.NET Core,EDUCBA,,https://www.coursera.org/learn/cloud-deployment-and-scaling-with-asp-net-core,Intermediate level,0.0
Integrated and Strategic Communication Campaigns,University of Colorado Boulder,,https://www.coursera.org/learn/integrated-and-strategic-communication-campaigns,Beginner level,4.7
Organizational Analysis,Stanford University,,https://www.coursera.org/learn/organizational-analysis,Beginner level,4.6
Lightcap 4: Light in indoor contexts  Effects & implications,Eindhoven University of Technology,,https://www.coursera.org/learn/lightcap-4-indoor-lighting,Beginner,0.0
Prerequisites and Advanced Machine Learning for NLP,Packt,,https://www.coursera.org/learn/packt-prerequisites-and-advanced-machine-learning-for-nlp-xwtax,Intermediate level,0.0
U.S. Federal Taxation Specialization,University of Illinois Urbana-Champaign,,https://www.coursera.org/specializations/united-states-federal-taxation,Intermediate level,4.8
Learn Interpersonal Psychotherapy,University of Toronto,,https://www.coursera.org/learn/learn-ipt,Beginner,5.0
Patent Law,University of Pennsylvania,,https://www.coursera.org/learn/patents,Beginner,4.8
The Science of Success: What Researchers Know that You Should Know,University of Michigan,,https://www.coursera.org/learn/success,Beginner level,4.8
Refugees in the 21st Century,University of London,,https://www.coursera.org/learn/refugees-21st-century,Beginner level,4.8
Introduction to AWS Cloud Careers,Amazon Web Services,,https://www.coursera.org/learn/aws-cloud-careers,Beginner level,4.7
Decision Making and Reinforcement Learning,Columbia University,,https://www.coursera.org/learn/dmrol,Intermediate level,4.2
The Structured Query Language (SQL),University of Colorado Boulder,,https://www.coursera.org/learn/the-structured-query-language-sql,Beginner level,4.7
UX (User Experience) Capstone,University of Michigan,,https://www.coursera.org/learn/user-experience-capstone,Beginner level,4.7
Microsoft UX Design Professional Certificate,Microsoft,,https://www.coursera.org/professional-certificates/ux-design,Beginner level,4.7
CVS Health Call Center Customer Service Professional Certificate,CVS Health,,https://www.coursera.org/professional-certificates/cvshealth-call-center-customer-service,Beginner level,4.8
Introduction to Data Engineering on Google Cloud,Google Cloud,,https://www.coursera.org/learn/introduction-to-data-engineering-on-google-cloud,Beginner level,0.0
Bridge Infrastructure Design Specialization,L&T EduTech,,https://www.coursera.org/specializations/bridge-infrastructure-design,Advanced level,0.0
Scaling Operations: Linking Strategy and Execution,Northwestern University,,https://www.coursera.org/learn/operations-strategy,Beginner,4.6
Managing Cybersecurity Specialization,Kennesaw State University,,https://www.coursera.org/specializations/managing-cybersecurity,Beginner level,4.8
Strategies for Senior Housing Communities during COVID-19,Johns Hopkins University,,https://www.coursera.org/learn/strategies-senior-housing-covid19,Beginner level,4.8
"Managing ADHD, Autism, Learning Disabilities, and Concussion in School",University of Colorado System,,https://www.coursera.org/learn/managing-adhd-autism-learning-disabilities-and-concussion-in-school,Beginner,4.8
A Journey through Western Christianity: from Persecuted Faith to Global Religion (200 - 1650),Yale University,,https://www.coursera.org/learn/western-christianity-200-1650,Beginner level,4.8
Linear Regression,Illinois Tech,,https://www.coursera.org/learn/illinois-tech-linear-regression,Intermediate level,4.6
Responsible AI: Applying AI Principles with Google Cloud,Google Cloud,,https://www.coursera.org/learn/responsible-ai-applying-ai-principles-with-google-cloud,Beginner level,4.5
"Introduction to HTML, CSS, & JavaScript",IBM,,https://www.coursera.org/learn/introduction-html-css-javascript,Beginner level,4.4
Machine Learning with Apache Spark,IBM,,https://www.coursera.org/learn/machine-learning-with-apache-spark,Intermediate level,4.5
Executive Data Science Specialization,Johns Hopkins University,,https://www.coursera.org/specializations/executive-data-science,Beginner level,4.5
Instructional Design Foundations and Applications,University of Illinois Urbana-Champaign,,https://www.coursera.org/learn/instructional-design-foundations-applications,Beginner,4.0
"The Sustainable Development Goals – A global, transdisciplinary vision for the future",University of Copenhagen,,https://www.coursera.org/learn/global-sustainable-development,Beginner level,4.8
Introduction to Archaeology: Knowing The Past,Rice University,,https://www.coursera.org/learn/introduction-to-knowing-the-past,Beginner level,0.0
Software Testing and Automation Specialization,University of Minnesota,,https://www.coursera.org/specializations/software-testing-automation,Intermediate level,4.2
Tropical Forest Landscapes 101: Conservation & Restoration,Yale University,,https://www.coursera.org/learn/tropicalforests101,Beginner level,4.9
Developing Front-End Apps with React,IBM,,https://www.coursera.org/learn/developing-frontend-apps-with-react,Intermediate level,4.3
Energy and Environment,Dartmouth College,,https://www.coursera.org/learn/energy-and-environment,Beginner level,4.9
ANOVA and Experimental Design,University of Colorado Boulder,,https://www.coursera.org/learn/anova-and-experimental-design,Intermediate level,4.0
Internet of Things: Multimedia Technologies,University of California San Diego,,https://www.coursera.org/learn/internet-of-things-multimedia,Beginner,4.7
Love as a Force for Social Justice,Stanford University,,https://www.coursera.org/learn/love-social-justice,Beginner level,4.7
The entrepreneur's guide for beginners,Universitat de Barcelona,,https://www.coursera.org/learn/entrepreneur-guide-beginners,Beginner level,4.6
Communicating Data Science Results,University of Washington,,https://www.coursera.org/learn/data-results,Beginner,3.4
Design Principles: an Introduction,University of California San Diego,,https://www.coursera.org/learn/design-principles,Beginner level,4.6
Generalized Linear Models and Nonparametric Regression,University of Colorado Boulder,,https://www.coursera.org/learn/generalized-linear-models-and-nonparametric-regression,Intermediate level,4.4
Sustainable Transportation Networks and Streetscapes,Johns Hopkins University,,https://www.coursera.org/learn/sustainable-transportation-networks-and-streetscapes,Intermediate level,4.8
Introduction to Automated Analysis,University of Minnesota,,https://www.coursera.org/learn/automated-analysis,Intermediate level,4.2
Foundations of Global Health Specialization,Johns Hopkins University,,https://www.coursera.org/specializations/global-health,Beginner level,4.8
Renewable Energy: Manufacturing Career Exploration,University at Buffalo,,https://www.coursera.org/learn/renewable-energy-manufacturing-career-exploration,Beginner level,0.0
Build Your Professional ePortfolio in English,Georgia Institute of Technology,,https://www.coursera.org/learn/eportfolio-english,Beginner,4.7
How Music Can Change Your Life,The University of Melbourne,,https://www.coursera.org/learn/music-life,Beginner level,4.7
Finance for Non-Finance Professionals,Rice University,,https://www.coursera.org/learn/finance-for-non-finance,Beginner level,4.8
Calculus for Machine Learning and Data Science,DeepLearning.AI,,https://www.coursera.org/learn/machine-learning-calculus,Intermediate level,4.8
Mathematics for Machine Learning: Multivariate Calculus,Imperial College London,,https://www.coursera.org/learn/multivariate-calculus-machine-learning,Beginner level,4.7
Lightcap 2: Basics of light and its effects on humans,Eindhoven University of Technology,,https://www.coursera.org/learn/lightcap-2-basics-and-effects,Beginner,0.0
Meta Database Engineer Professional Certificate,Meta,,https://www.coursera.org/professional-certificates/meta-database-engineer,Beginner level,4.6
"Online Games: Literature, New Media, and Narrative",Vanderbilt University,,https://www.coursera.org/learn/interactive-media-gaming,Beginner level,4.6
"Technical Troubleshooting: Diagnostics, Networks, Customers",Coursera Instructor Network,,https://www.coursera.org/learn/technical-troubleshooting-diagnostics-networks-customers,Beginner level,0.0
Structural scheme setting and ETABS Analysis of RCC Building,L&T EduTech,,https://www.coursera.org/learn/structural-scheme-setting-and-etabs-analysis-of-rcc-building,Intermediate level,0.0
Generative AI: Elevate your Software Development Career,IBM,,https://www.coursera.org/learn/generative-ai-elevate-software-development-career,Intermediate level,4.6
Building No-Code Apps with AppSheet Specialization,Google Cloud,,https://www.coursera.org/specializations/building-no-code-apps-with-appsheet,Beginner level,4.7
History of Medical Cannabis,University of Colorado Boulder,,https://www.coursera.org/learn/history-medical-cannabis-cbd-thc,Beginner level,4.8
Introduction to Machine Learning in Sports Analytics,University of Michigan,,https://www.coursera.org/learn/machine-learning-sports-analytics,Intermediate level,4.7
"Problem Solving, Python Programming, and Video Games",University of Alberta,,https://www.coursera.org/learn/problem-solving-programming-video-games,Beginner level,4.3
Understanding Plants - Part II: Fundamentals of Plant Biology,Tel Aviv University,,https://www.coursera.org/learn/plant-biology,Intermediate level,4.8
Combining Scrum with Other Agile Methodologies,LearnQuest,,https://www.coursera.org/learn/combining-scrum-with-other-methodologies,Beginner level,4.7
"DevOps, Cloud, and Agile Foundations Specialization",IBM,,https://www.coursera.org/specializations/devops-cloud-and-agile-foundations,Beginner level,4.8
Fostering Engagement in the Age of Digital Distraction,Intel,,https://www.coursera.org/learn/fostering-engagement-in-the-age-of-digital-distraction,Beginner level,0.0
Advanced Methods in Machine Learning Applications,Johns Hopkins University,,https://www.coursera.org/learn/advanced-methods-in-machine-learning-applications,Intermediate level,0.0
The Intel® AI Value,Intel,,https://www.coursera.org/learn/the-intel-ai-value,Beginner level,0.0
Interactive Computer Graphics,The University of Tokyo,,https://www.coursera.org/learn/interactive-computer-graphics,Intermediate level,4.0
Strategising: Management for Global Competitive Advantage Specialization,Macquarie University,,https://www.coursera.org/specializations/strategic-management-competitive-advantage,Beginner level,4.8
"JavaScript, jQuery, and JSON",University of Michigan,,https://www.coursera.org/learn/javascript-jquery-json,Intermediate level,4.6
Health After Cancer: Cancer Survivorship for Primary Care,Stanford University,,https://www.coursera.org/learn/health-after-cancer-cancer-survivorship-for-primary-care,Intermediate level,4.8
Hacking COVID-19 — Course 5: Tracing SARS-CoV-2's Evolution,University of California San Diego,,https://www.coursera.org/learn/hacking-covid-19--course-5-tracing-sars-cov-2s-evolution,Beginner level,0.0
"Introduction to Containers w/ Docker, Kubernetes & OpenShift",IBM,,https://www.coursera.org/learn/ibm-containers-docker-kubernetes-openshift,Intermediate level,4.4
Take Action: From Protest to Policy,Wesleyan University,,https://www.coursera.org/learn/take-action-from-protest-to-policy,Beginner level,0.0
Data Science Companion,MathWorks,,https://www.coursera.org/learn/data-science-companion-matlab,Beginner level,0.0
Basic Recommender Systems,EIT Digital,,https://www.coursera.org/learn/basic-recommender-systems,Intermediate level,4.3
Intel® Technical Pro – Intel® Gaudi® AI Accelerator,Intel,,https://www.coursera.org/learn/intel-technical-pro-gaudi-ai-accelerator,Intermediate level,0.0
"Learn to Teach Java:  Sequences, Primitive Types and Using Objects",University of California San Diego,,https://www.coursera.org/learn/teach-java-sequences-primitive-types-object,Beginner level,4.9
Basic System Programming on IBM Z,IBM,,https://www.coursera.org/learn/system-programming,Intermediate level,4.8
Skills for Working as an AWS Cloud Consultant,Amazon Web Services,,https://www.coursera.org/learn/aws-cloud-consultant-skills,Beginner level,4.8
Digital Forensics Concepts,Infosec,,https://www.coursera.org/learn/digital-forensics-concepts,Intermediate level,4.7
Foundations of Healthcare Systems Engineering,Johns Hopkins University,,https://www.coursera.org/learn/foundations-of-healthcare-systems-engineering,Beginner,4.7
Nuts and Bolts of U.S. Immigration Law,University of Pennsylvania,,https://www.coursera.org/learn/us-immigration-law,Intermediate level,4.9
TensorFlow on Google Cloud,Google Cloud,,https://www.coursera.org/learn/intro-tensorflow,Intermediate level,4.4
Flight mechanics - The basis,ISAE-SUPAERO,,https://www.coursera.org/learn/basis-flight-mechanics,Beginner level,4.7
Business English: Basics,The Hong Kong University of Science and Technology,,https://www.coursera.org/learn/business-english,Beginner,4.5
Generative AI for Data Science,Microsoft,,https://www.coursera.org/learn/generative-ai-for-data-science,Intermediate level,0.0
Global Sodium Reduction Strategies,Johns Hopkins University,,https://www.coursera.org/learn/sodium,Beginner level,0.0
Generative AI: Elevate your Data Engineering Career,IBM,,https://www.coursera.org/learn/generative-ai-elevate-your-data-engineering-career,Intermediate level,4.9
Musician’s Professional Toolbox: Your Portfolio Career Specialization,University of Colorado Boulder,,https://www.coursera.org/specializations/music-career-toolbox-managing-your-portfolio-career,Intermediate level,4.9
Researcher's guide to RNA sequencing data,Fred Hutchinson Cancer Center,,https://www.coursera.org/learn/researchers-guide-to-rna-sequencing-data,Intermediate level,0.0
Getting Started with Automation 360,Automation Anywhere,,https://www.coursera.org/learn/automation-360,Intermediate level,4.5
Health Information Technology Fundamentals,Johns Hopkins University,,https://www.coursera.org/learn/health-it-fundamentals,Beginner,4.8
Python Programming for Quantum Computing,Packt,,https://www.coursera.org/learn/packt-python-programming-for-quantum-computing-9rifk,Beginner level,0.0
Concept Art for Video Games,Michigan State University,,https://www.coursera.org/learn/concept-art-video-games,Beginner,4.6
AI and Climate Change,DeepLearning.AI,,https://www.coursera.org/learn/ai-and-climate-change,Beginner level,4.9
Approximation Algorithms and Linear Programming,University of Colorado Boulder,,https://www.coursera.org/learn/linear-programming-and-approximation-algorithms,Advanced level,4.9
Cyber-Physical Systems: Modeling and Simulation,"University of California, Santa Cruz",,https://www.coursera.org/learn/cyber-physical-systems-1,Intermediate level,4.5
Entrepreneurship 4: Financing and Profitability,University of Pennsylvania,,https://www.coursera.org/learn/wharton-entrepreneurship-financing-profitabilty,Beginner,4.8
Content Development and Management,Microsoft,,https://www.coursera.org/learn/pr-content-development-and-management,Beginner level,0.0
Data Visualization and Transformation with R,Duke University,,https://www.coursera.org/learn/data-visualization-transformation-r,Beginner level,0.0
Statistical Mechanics: Algorithms and Computations,École normale supérieure,,https://www.coursera.org/learn/statistical-mechanics,Beginner,4.8
Python Classes and Inheritance,University of Michigan,,https://www.coursera.org/learn/python-classes-inheritance,Intermediate level,4.7
Project Management & Other Tools for Career Development Specialization,"University of California, Irvine",,https://www.coursera.org/specializations/project-management-success,Beginner level,4.7
Organizational Behavior: How to Manage People,IESE Business School,,https://www.coursera.org/learn/managing-people-iese,Beginner,4.7
Creating Features for Time Series Data,SAS,,https://www.coursera.org/learn/time-series-features,Intermediate level,0.0
AWS Data Processing and Analysis,Packt,,https://www.coursera.org/learn/packt-aws-data-processing-and-analysis-fezz2,Intermediate level,0.0
Data Analytics and Databases on AWS,Amazon Web Services,,https://www.coursera.org/learn/data-analytics-and-databases-aws,Beginner level,4.7
Accounting Analytics,University of Pennsylvania,,https://www.coursera.org/learn/accounting-analytics,Beginner,4.5
Samsung Customer Care Essentials,Samsung,,https://www.coursera.org/learn/samsung-customer-care-essentials,Beginner level,0.0
Innovation: From Creativity to Entrepreneurship Specialization,University of Illinois Urbana-Champaign,,https://www.coursera.org/specializations/innovation-creativity-entrepreneurship,Beginner level,4.8
"Providing Social, Emotional, Behavioral, and Special Education Services in School",University of Colorado System,,https://www.coursera.org/learn/providing-social-emotional-behavioral-and-special-education-services-in-school,Beginner level,4.8
Serverless Data Processing with Dataflow: Develop Pipelines,Google Cloud,,https://www.coursera.org/learn/developing-pipelines-on-dataflow,Advanced level,4.0
Introduction to Corporate Communications,"University of California, Irvine",,https://www.coursera.org/learn/introduction-to-corporate-communications,Beginner level,4.6
Splunk Query Language and Data Analysis,EDUCBA,,https://www.coursera.org/learn/splunk-query-language-and-data-analysis,Intermediate level,0.0
Generative AI with Large Language Models,DeepLearning.AI,,https://www.coursera.org/learn/generative-ai-with-llms,Intermediate level,4.8
Esports Specialization,"University of California, Irvine",,https://www.coursera.org/specializations/esports,Beginner level,4.6
Try RRI! A guide for Responsible Research and Innovation,University of Amsterdam,,https://www.coursera.org/learn/newhorrizon,Beginner level,0.0
Building No-Code Apps with AppSheet: Foundations,Google Cloud,,https://www.coursera.org/learn/building-no-code-apps-with-appsheet-foundations,Beginner level,4.7
Blockchain in Financial Services: Strategic Action Plan,INSEAD,,https://www.coursera.org/learn/blockchain-strategic-action-plan,Intermediate level,4.4
Intellectual Humility: Practice,The University of Edinburgh,,https://www.coursera.org/learn/intellectual-humility-practice,Beginner level,4.7
Business Intelligence and Visual Analytics,"University of California, Irvine",,https://www.coursera.org/learn/business-intelligence-visual-analytics,Intermediate level,4.1
Google AI Essentials,Google,,https://www.coursera.org/learn/google-ai-essentials,Beginner level,4.7
Biology Meets Programming: Bioinformatics for Beginners,University of California San Diego,,https://www.coursera.org/learn/bioinformatics,Beginner level,4.2
Fundamentals of Graphic Design,California Institute of the Arts,,https://www.coursera.org/learn/fundamentals-of-graphic-design,Beginner level,4.8
Art for Games  Specialization,Michigan State University,,https://www.coursera.org/specializations/art-for-games,Beginner level,4.5
Fundamentals of Project Planning and Management,University of Virginia,,https://www.coursera.org/learn/uva-darden-project-management,Beginner level,4.7
Business Growth Strategy,University of Virginia,,https://www.coursera.org/learn/uva-darden-business-growth-strategy,Beginner,4.7
Engaging ELLs and Their Families in the School and Community,Arizona State University,,https://www.coursera.org/learn/ell-families,Beginner,4.6
The Beauty of Kunqu Opera,The Chinese University of Hong Kong,,https://www.coursera.org/learn/kunqu-opera,Beginner,4.8
Working for a sustainable future: concepts and approaches,Lund University,,https://www.coursera.org/learn/working-for-a-sustainable-future,Beginner level,4.7
Algorithmic Thinking (Part 2),Rice University,,https://www.coursera.org/learn/algorithmic-thinking-2,Intermediate level,4.7
Mandarin Chinese 1: Chinese for Beginners,Shanghai Jiao Tong University,,https://www.coursera.org/learn/mandarin-chinese-1,Beginner level,4.8
Find Your Calling: Career Transition Principles for Veterans,Columbia University,,https://www.coursera.org/learn/find-your-calling,Beginner level,0.0
AWS Flash - SaaS Technical Fundamentals,Amazon Web Services,,https://www.coursera.org/learn/aws-flash-saas-technical-fundamentals,Beginner level,0.0
Fundamental Neuroscience for Neuroimaging,Johns Hopkins University,,https://www.coursera.org/learn/neuroscience-neuroimaging,Beginner level,4.7
Understanding Plants - Part I: What a Plant Knows,Tel Aviv University,,https://www.coursera.org/learn/plantknows,Beginner level,4.8
Decentralized Finance (DeFi) Infrastructure,Duke University,,https://www.coursera.org/learn/decentralized-finance-infrastructure-duke,Beginner level,4.8
Learning How To Learn for Youth,Arizona State University,,https://www.coursera.org/learn/learning-how-to-learn-youth,Beginner level,4.8
International Business I,University of New Mexico,,https://www.coursera.org/learn/international-business,Beginner,4.7
Generative Deep Learning with TensorFlow,DeepLearning.AI,,https://www.coursera.org/learn/generative-deep-learning-with-tensorflow,Intermediate level,4.9
Single Page Web Applications with AngularJS,Johns Hopkins University,,https://www.coursera.org/learn/single-page-web-apps-with-angularjs,Intermediate level,4.9
Family Spirit Nurture,Johns Hopkins University,,https://www.coursera.org/learn/family-spirit-nurture,Beginner level,0.0
"Managing Asthma, Allergies, Diabetes, and Seizures in School",University of Colorado System,,https://www.coursera.org/learn/managing-asthma-allergies-diabetes-and-seizures-in-school,Beginner level,4.8
Advanced Understanding of Stocks and Bonds,University of Michigan,,https://www.coursera.org/learn/bonds-and-stocks-two,Intermediate level,4.6
Data Understanding and Visualization,University of Colorado Boulder,,https://www.coursera.org/learn/data-understanding-and-visualization,Intermediate level,0.0
Excel to MySQL: Analytic Techniques for Business Specialization,Duke University,,https://www.coursera.org/specializations/excel-mysql,Beginner level,4.6
Low Intermediate English: Technology,Voxy,,https://www.coursera.org/learn/low-intermediate-english-technology,Beginner,4.4
Convolutional Neural Networks,DeepLearning.AI,,https://www.coursera.org/learn/convolutional-neural-networks,Intermediate level,4.9
Microsoft Copilot for Security,Microsoft,,https://www.coursera.org/learn/microsoft-copilot-for-security,Intermediate level,0.0
Six Sigma Principles,Kennesaw State University,,https://www.coursera.org/learn/six-sigma-principles2,Beginner level,0.0
Windows OS Forensics,Infosec,,https://www.coursera.org/learn/windows-os-forensics,Intermediate level,4.7
Differential Equations Part III Systems of Equations,Korea Advanced Institute of Science and Technology(KAIST),,https://www.coursera.org/learn/differential-equations-part-iii-systems-of-equations,Intermediate level,0.0
Google Cloud Big Data and Machine Learning Fundamentals,Google Cloud,,https://www.coursera.org/learn/gcp-big-data-ml-fundamentals,Beginner level,4.7
Arctic Development,University of Alberta,,https://www.coursera.org/learn/arctic-development,Beginner level,4.6
Project Management Capstone,IBM,,https://www.coursera.org/learn/ibm-project-management-capstone,Advanced level,4.9
"Azure: Compute, Storage, and Database Security",Whizlabs,,https://www.coursera.org/learn/azure-compute-storage-and-database-security,Intermediate level,0.0
Health Care IT: Challenges and Opportunities,Icahn School of Medicine at Mount Sinai,,https://www.coursera.org/learn/healthcare-it,Intermediate level,4.6
Reproducible Research,Johns Hopkins University,,https://www.coursera.org/learn/reproducible-research,Beginner,4.6
Cloud Computing Primer for Semi-tech and Business Learners Specialization,Codio,,https://www.coursera.org/specializations/codio-cloud-computing-primer-semi-technical-business,Beginner level,4.7
Business Process Management in Healthcare Organizations,Rutgers the State University of New Jersey,,https://www.coursera.org/learn/business-process-management-in-healthcare-organizations,Beginner level,4.6
Amazon Redshift Primer,Amazon Web Services,,https://www.coursera.org/learn/aws-amazon-redshift-service-primer,Beginner,0.0
Intermediate Linux Troubleshooting,Packt,,https://www.coursera.org/learn/packt-intermediate-linux-troubleshooting-mvrrj,Intermediate level,0.0
IBM Data Topology,IBM,,https://www.coursera.org/learn/ibm-data-topology,Intermediate level,4.8
Introduction to Spreadsheets and Models,University of Pennsylvania,,https://www.coursera.org/learn/wharton-introduction-spreadsheets-models,Beginner,4.2
Creative Writing: The Craft of Setting and Description,Wesleyan University,,https://www.coursera.org/learn/craft-of-setting-and-description,Beginner,4.7
Digital Media and Marketing Strategies,University of Illinois Urbana-Champaign,,https://www.coursera.org/learn/marketing-plan,Beginner level,4.6
Guided Tour of Machine Learning in Finance,New York University,,https://www.coursera.org/learn/guided-tour-machine-learning-finance,Intermediate level,3.8
Aboriginal Worldviews and Education,University of Toronto,,https://www.coursera.org/learn/aboriginal-education,Beginner level,4.7
AI Applications in People Management,University of Pennsylvania,,https://www.coursera.org/learn/wharton-ai-applications-people-management,Beginner,4.8
Hadoop Platform and Application Framework,University of California San Diego,,https://www.coursera.org/learn/hadoop,Beginner,4.0
"Intro to Analytic Thinking, Data Science, and Data Mining","University of California, Irvine",,https://www.coursera.org/learn/intro-analyticthinking-datascience-datamining,Intermediate level,4.2
The Nurse's Toolkit,University of Michigan,,https://www.coursera.org/learn/the-nurses-toolkit,Beginner,0.0
Measurement and Analysis,Unilever,,https://www.coursera.org/learn/measurement-and-analysis,Beginner level,4.6
Using Databases with Python,University of Michigan,,https://www.coursera.org/learn/python-databases,Beginner level,4.8
Machine Learning Specialization,Stanford University,,https://www.coursera.org/specializations/machine-learning-introduction,Beginner level,4.9
Introduction to Teaching English Learners Specialization,Rice University,,https://www.coursera.org/specializations/intro-to-teaching-english-learners,Beginner level,4.5
Meta iOS Developer Professional Certificate,Meta,,https://www.coursera.org/professional-certificates/meta-ios-developer,Beginner level,4.6
.NET Core Mastery: Advanced Techniques for Exp Developers Specialization,EDUCBA,,https://www.coursera.org/specializations/dotnet-adv-techniques-for-exp-developer,Intermediate level,4.0
"Plagues, Witches, and War: The Worlds of Historical Fiction",University of Virginia,,https://www.coursera.org/learn/historical-fiction,Beginner level,4.6
Animal Behaviour and Welfare,The University of Edinburgh,,https://www.coursera.org/learn/animal-welfare,Beginner,4.8
Distributed Programming in Java,Rice University,,https://www.coursera.org/learn/distributed-programming-in-java,Intermediate level,4.5
Interventions and Calibration,Imperial College London,,https://www.coursera.org/learn/interventions-and-calibration,Intermediate level,4.7
People Analytics,University of Pennsylvania,,https://www.coursera.org/learn/wharton-people-analytics,Beginner,4.6
Advanced Angular Development,LearnQuest,,https://www.coursera.org/learn/advanced-angular-development,Beginner level,0.0
Data Connection and Functionalities in Power BI,Edureka,,https://www.coursera.org/learn/data-connection-and-functionalities-in-power-bi,Intermediate level,0.0
Understanding User Needs,University of Michigan,,https://www.coursera.org/learn/understanding-user-needs,Beginner level,4.7
Science Literacy,University of Alberta,,https://www.coursera.org/learn/science-literacy,Beginner level,4.4
Financial Statement and Ratio Analysis for Accountants,University of Illinois Urbana-Champaign,,https://www.coursera.org/learn/financial-statement-ratio-analysis-accountants,Intermediate level,4.8
Social Policy for Social Services & Health Practitioners  Specialization,Columbia University,,https://www.coursera.org/specializations/social-welfare-policy,Beginner level,4.8
Building AI Powered Chatbots Without Programming,IBM,,https://www.coursera.org/learn/building-ai-powered-chatbots,Beginner level,4.7
Compensation and Benefits,HRCI,,https://www.coursera.org/learn/compensation-and-benefits,Beginner level,4.7
Business and Marketing Strategies Specialization,University of London,,https://www.coursera.org/specializations/uol-business-and-marketing-strategies,Beginner level,4.5
The Water Cycle,PepsiCo,,https://www.coursera.org/learn/the-water-cycle,Beginner level,0.0
Taxation of Business Entities I: Corporations,University of Illinois Urbana-Champaign,,https://www.coursera.org/learn/taxation-business-entities-part-1,Intermediate level,4.7
Python Basics for Online Research Specialization,"University of California, Davis",,https://www.coursera.org/specializations/python-for-social-science,Beginner level,3.6
"Auditing Generative AI: Strategy, Analysis & Risk Mitigation",ISACA,,https://www.coursera.org/learn/auditing-generative-ai-strategy-analysis--risk-mitigation,Intermediate level,4.6
Reimagining Education for Equity,Indian Institute for Human Settlements,,https://www.coursera.org/learn/reimagining-education-for-equity,Intermediate level,0.0
A Voice of Their Own. Women's Spirituality in the Middle Ages.,Universitat de Barcelona,,https://www.coursera.org/learn/womens-spirituality,Beginner level,4.4
Strengthening Real World Relevance in the Classroom,Intel,,https://www.coursera.org/learn/strengthening-real-world-relevance-in-the-classroom,Beginner level,0.0
Defensive Python,Infosec,,https://www.coursera.org/learn/defensive-python,Beginner,4.6
Use C++ to build a Crypto Trading Platform: Final System,University of London,,https://www.coursera.org/learn/cplusplus-crypto-v,Intermediate level,4.6
Management Consulting Specialization,Emory University,,https://www.coursera.org/specializations/managementconsulting,Beginner level,4.8
Meta Android Developer Professional Certificate,Meta,,https://www.coursera.org/professional-certificates/meta-android-developer,Beginner level,4.7
Introduction to Abnormal Psychology,Wesleyan University,,https://www.coursera.org/learn/intro-abnormal-psych,Beginner level,4.8
Geospatial Techniques for Engineers Specialization,L&T EduTech,,https://www.coursera.org/specializations/geospatial-techniques-for-engineers,Advanced level,0.0
Accessibility to the Scenic Arts,Universitat Autònoma de Barcelona,,https://www.coursera.org/learn/accessibility-scenic-arts,Intermediate level,4.7
Data Privacy and Protection Standards,Coursera Instructor Network,,https://www.coursera.org/learn/data-privacy-and-protection-standards,Beginner level,0.0
Music Production Capstone,Berklee,,https://www.coursera.org/learn/music-production-capstone,Intermediate level,4.8
"FinTech: Foundations, Payments, and Regulations",University of Pennsylvania,,https://www.coursera.org/learn/wharton-fintech-overview-payments-regulations,Beginner level,4.6
Leading Through Effective Communication,Arizona State University,,https://www.coursera.org/learn/leadingthrougheffectivecommunication,Beginner level,4.6
Practical Quantum Computing with IBM Qiskit for Beginners,Packt,,https://www.coursera.org/learn/packt-beginners-guide-to-practical-quantum-computing-with-ibm-qiskit-w6mos,Beginner level,0.0
Generative AI for Students: Ethics & Academic Integrity,University of Glasgow,,https://www.coursera.org/learn/generative-ai-for-students-ethics-and-academic-integrity,Intermediate level,0.0
An Introduction to Interactive Programming in Python (Part 2),Rice University,,https://www.coursera.org/learn/interactive-python-2,Beginner level,4.9
"Junos Routing, Operations, and Maintenance",Juniper Networks,,https://www.coursera.org/learn/junos-admin,Beginner,4.9
Architecting with Google Kubernetes Engine Specialization,Google Cloud,,https://www.coursera.org/specializations/architecting-google-kubernetes-engine,Beginner level,4.7
Site Reliability Engineering: Measuring and Managing Reliability,Google Cloud,,https://www.coursera.org/learn/site-reliability-engineering-slos,Intermediate level,4.5
Introduction to Power Semiconductor Switches,University of Colorado Boulder,,https://www.coursera.org/learn/introduction-to-power-semiconductor-switches,Intermediate level,0.0
GIS Applications Across Industries,"University of California, Davis",,https://www.coursera.org/learn/gis-applications-across-industries,Intermediate level,4.6
Algorithmic Thinking (Part 1),Rice University,,https://www.coursera.org/learn/algorithmic-thinking-1,Intermediate level,4.6
Artificial Intelligence Ethics in Action,LearnQuest,,https://www.coursera.org/learn/ai-ethics-analysis,Intermediate level,4.6
Web Hacker's Toolbox - Tools Used by Successful Hackers,Packt,,https://www.coursera.org/learn/packt-web-hackers-toolbox-tools-used-by-successful-hackers-d6lq3,Intermediate level,0.0
Physics of Oscillators and Waves,Rice University,,https://www.coursera.org/learn/oscillators-waves,Intermediate level,0.0
Pharmacokinetics,Novartis,,https://www.coursera.org/learn/pharmacokinetics,Intermediate level,4.9
Community Awareness: What is a Socially Just University,University of Michigan,,https://www.coursera.org/learn/what-is-a-socially-just-university,Beginner level,0.0
Digital Business Strategy,University of Virginia,,https://www.coursera.org/learn/uva-darden-digital-business-strategy,Beginner level,4.8
Cybersecurity Foundations for Risk Management,Kennesaw State University,,https://www.coursera.org/learn/cybersecurity-foundations-for-risk-management,Beginner level,4.7
ELL Success in the Content Classroom: Capstone Project,Arizona State University,,https://www.coursera.org/learn/ell-project,Beginner,4.7
Media Relations and Crisis Management,Microsoft,,https://www.coursera.org/learn/media-relations-and-crisis-management,Beginner level,0.0
Tinkering Fundamentals: Motion and Mechanisms,Exploratorium,,https://www.coursera.org/learn/tinkering-motion-mechanisms,Beginner level,4.8
Derivatives - Options & Futures,Interactive Brokers,,https://www.coursera.org/learn/derivatives-options-futures,Intermediate level,4.5
Reading and Comprehension of Text in English,Universidad Autónoma Metropolitana,,https://www.coursera.org/learn/reading-and-comprehension-of-text-in-english,Beginner level,3.8
"Managing Windows Servers, Virtualization, & Containerization",SkillUp EdTech,,https://www.coursera.org/learn/managing-windows-servers-virtualization--containerization,Intermediate level,0.0
Preparing for your Professional Cloud Architect Journey,Google Cloud,,https://www.coursera.org/learn/preparing-cloud-professional-cloud-architect-exam,Advanced level,4.7
Distributed Programming in SAS® Viya® for Data Analysts Specialization,SAS,,https://www.coursera.org/specializations/distributed-programming-sas-viya-for-data-analysts,Beginner level,4.9
Analysis for Business Systems,University of Minnesota,,https://www.coursera.org/learn/analysis-for-business-systems,Beginner level,4.8
Navigating Generative AI Risks for Leaders,Coursera,,https://www.coursera.org/learn/navigating-generative-ai-risks-for-leaders,Beginner level,4.9
Blueprint Scripting,Epic Games,,https://www.coursera.org/learn/blueprint-scripting,Beginner level,0.0
Fundamental Neural Pathways For Movement,University of Colorado Boulder,,https://www.coursera.org/learn/fundamental-neural-pathways-movement,Intermediate level,0.0
Cluster Analysis in Data Mining,University of Illinois Urbana-Champaign,,https://www.coursera.org/learn/cluster-analysis,Beginner,4.5
3D CAD Fundamental,National Taiwan University,,https://www.coursera.org/learn/3d-cad-fundamental,Beginner level,4.6
Foundations of Health Equity Research,Johns Hopkins University,,https://www.coursera.org/learn/health-equity-research,Beginner level,4.8
Applied Data Science Capstone,IBM,,https://www.coursera.org/learn/applied-data-science-capstone,Intermediate level,4.7
Technologies and platforms for Artificial Intelligence,Politecnico di Milano,,https://www.coursera.org/learn/technologies-and-platforms-for-artificial-intelligence,Beginner level,4.7
Essentials of Palliative Care,Stanford University,,https://www.coursera.org/learn/essentials-of-palliative-care,Beginner level,4.7
SHRM Certified Professional (SHRM-CP) Exam Prep Specialization,Board Infinity,,https://www.coursera.org/specializations/shrm,Intermediate level,4.1
Amazon DevOps Guru Getting Started,Amazon Web Services,,https://www.coursera.org/learn/amazon-devops-guru-getting-started,Beginner level,0.0
Rocket Science for Everyone,Yale University,,https://www.coursera.org/learn/rocket-science-for-everyone,Beginner level,4.9
Introduction to Quantum Information,Korea Advanced Institute of Science and Technology(KAIST),,https://www.coursera.org/learn/introduction-to-quantum-information,Advanced level,4.2
HTML & CSS Crash Course,Scrimba,,https://www.coursera.org/learn/html--css-crash-course,Beginner level,4.5
Our Earth's Future,American Museum of Natural History,,https://www.coursera.org/learn/earth-climate-change,Beginner,4.7
Translating Research to Patients,University of Michigan,,https://www.coursera.org/learn/translating-research-to-patients,Beginner level,0.0
Introduction to Public Speaking,University of Washington,,https://www.coursera.org/learn/public-speaking,Beginner level,4.7
AWS Solutions Architect - Associate Specialization,LearnKartS,,https://www.coursera.org/specializations/aws-certified-solutions-architect-associate-course,Intermediate level,4.2
Increasing Real Estate Management Profits: Harnessing Data Analytics,Duke University,,https://www.coursera.org/learn/analytics-capstone,Beginner,4.7
Measuring the Success of a Patient Safety or Quality Improvement Project (Patient Safety VI),Johns Hopkins University,,https://www.coursera.org/learn/patient-safety-measurement,Beginner,4.7
Introduction to the Arctic: Climate,University of Alberta,,https://www.coursera.org/learn/arctic-introduction-climate,Beginner,4.5
Silicon Thin Film Solar Cells,École Polytechnique,,https://www.coursera.org/learn/silicon-thin-film-solar-cells,Advanced level,4.2
Object Oriented Programming Specialization,University of London,,https://www.coursera.org/specializations/object-oriented-programming-s12n,Intermediate level,4.7
Foundations of Data Science,Google,,https://www.coursera.org/learn/foundations-of-data-science,Advanced level,4.7
Linux Server Management and Security,University of Colorado System,,https://www.coursera.org/learn/linux-server-management-security,Intermediate level,4.6
Electrical Power Distribution,L&T EduTech,,https://www.coursera.org/learn/electrical-power-distribution,Beginner level,4.4
Calculus through Data & Modeling: Differentiation Rules,Johns Hopkins University,,https://www.coursera.org/learn/calculus-through-data-and-modelling-differentiation-rules,Intermediate level,4.8
Career Path Essentials,IESE Business School,,https://www.coursera.org/learn/career-path-essentials-iese,Beginner level,4.7
Cloud Security Basics,University of Minnesota,,https://www.coursera.org/learn/cloud-security-basics,Beginner level,4.4
Uncommon Sense Teaching,Deep Teaching Solutions,,https://www.coursera.org/learn/uncommon-sense-teaching,Beginner level,4.9
Advanced MySQL Topics,Meta,,https://www.coursera.org/learn/advanced-mysql-topics,Intermediate level,4.6
Industrial Optimization: Models & Linear Programming,Northeastern University,,https://www.coursera.org/learn/industrial-optimization-models--linear-programming,Intermediate level,0.0
"Capstone MOOC for ""Android App Development""",Vanderbilt University,,https://www.coursera.org/learn/aadcapstone,Beginner,4.3
Drug Discovery,University of California San Diego,,https://www.coursera.org/learn/drug-discovery,Beginner level,4.6
Fundamentals of Fluid Power,University of Minnesota,,https://www.coursera.org/learn/fluid-power,Beginner,4.8
Generative AI Assistants Specialization,Vanderbilt University,,https://www.coursera.org/specializations/generative-ai-assistants,Beginner level,4.9
C Programming for Everybody Specialization,University of Michigan,,https://www.coursera.org/specializations/c-programming-for-everybody,Intermediate level,4.8
Arctic Peoples and Cultures,University of Alberta,,https://www.coursera.org/learn/arctic-peoples-and-cultures,Beginner level,4.3
Databases for Data Scientists Specialization,University of Colorado Boulder,,https://www.coursera.org/specializations/databases-for-data-scientists,Beginner level,4.6
Introduction to Ableton Live,Berklee,,https://www.coursera.org/learn/ableton-live,Beginner,4.8
Narrative Economics,Yale University,,https://www.coursera.org/learn/narrative-economics,Beginner level,4.8
"Organizational Leadership in Diversity, Equity & Inclusion Specialization",Rice University,,https://www.coursera.org/specializations/organizational-leadership-in-diversity-equity-and-inclusion,Intermediate level,4.8
Introduction to Time Series,Illinois Tech,,https://www.coursera.org/learn/illinois-tech-introduction-to-time-series,Intermediate level,0.0
Capstone and Practice Exam (AZ-500),Microsoft,,https://www.coursera.org/learn/az-500-capstone-and-practice-exam,Intermediate level,0.0
Real-World Cloud Product Management Specialization,Advancing Women in Tech,,https://www.coursera.org/specializations/real-world-cloud-pm,Beginner level,4.7
Using Data Analytics in Supply Chain,Unilever,,https://www.coursera.org/learn/using-data-analytics-in-supply-chain,Beginner level,4.3
Cryptography and Hashing Overview,"University of California, Irvine",,https://www.coursera.org/learn/crypto-hashing,Beginner level,4.5
API Development on Google Cloud's Apigee API Platform,Google Cloud,,https://www.coursera.org/learn/api-development-apigee-gcp,Beginner level,4.6
Experiments and Variations in Bipedalism,Dartmouth College,,https://www.coursera.org/learn/experiments-and-variations-in-bipedalism,Beginner,0.0
Product Management: Initial Product Strategy and Plan,SkillUp EdTech,,https://www.coursera.org/learn/product-management-initial-product-strategy-and-plan,Beginner level,4.5
Game Design and Development 2: 2D Platformer,Michigan State University,,https://www.coursera.org/learn/game-design-and-development-2,Intermediate level,4.7
"Anthropometry, Biomechanics, and Motor Skills in User Design",Arizona State University,,https://www.coursera.org/learn/anthropometry-biomechanics-and-motorskills-in-user-design,Intermediate level,0.0
Bayesian Statistics: Time Series Analysis,"University of California, Santa Cruz",,https://www.coursera.org/learn/bayesian-statistics-time-series-analysis,Intermediate level,4.3
Biostatistics in Public Health  Specialization,Johns Hopkins University,,https://www.coursera.org/specializations/biostatistics-public-health,Beginner level,4.8
FinTech Foundations and Overview,The Hong Kong University of Science and Technology,,https://www.coursera.org/learn/fintech,Beginner level,4.7
Innovative Finance: Hacking finance to change the world,University of Cape Town,,https://www.coursera.org/learn/innovative-finance,Beginner level,4.7
"Comparing Genes, Proteins, and Genomes (Bioinformatics III)",University of California San Diego,,https://www.coursera.org/learn/comparing-genomes,Intermediate level,4.7
Nursing Informatics Training and Education,University of Minnesota,,https://www.coursera.org/learn/training-others-nursing-informatics,Intermediate level,4.8
Bridging the Gap between Strategy Design and Delivery,Brightline Initiative,,https://www.coursera.org/learn/bridging-strategy-design-delivery-gap,Intermediate level,4.8
Developing Explainable AI (XAI),Duke University,,https://www.coursera.org/learn/explainable-ai-xai,Intermediate level,0.0
Breastfeeding: Public Health Perspectives,University of Michigan,,https://www.coursera.org/learn/breastfeeding-public-health-perspectives,Beginner level,4.8
Experimental Methods in Systems Biology,Icahn School of Medicine at Mount Sinai,,https://www.coursera.org/learn/experimental-methods,Beginner,4.5
GenAI in Social Media Marketing,Meta,,https://www.coursera.org/learn/genai-in-social-media-marketing,Beginner level,0.0
"Operating Systems: Overview, Administration, and Security",IBM,,https://www.coursera.org/learn/operating-systems-overview-administration-security,Beginner level,4.6
English for Career Development,University of Pennsylvania,,https://www.coursera.org/learn/careerdevelopment,Beginner,4.8
Managing and Securing the Apigee Hybrid API Platform,Google Cloud,,https://www.coursera.org/learn/management-and-security-of-apigee-hybrid-api-platform,Beginner level,4.5
The Art of Storytelling,IESE Business School,,https://www.coursera.org/learn/the-art-of-storytelling-iese,Beginner level,4.5
Performance Assessment in the Virtual Classroom,"University of California, Irvine",,https://www.coursera.org/learn/performance-assessment,Beginner,4.7
Infrastructure Automation with Terraform,Whizlabs,,https://www.coursera.org/learn/infrastructure-automation-with-terraform,Beginner,0.0
Advanced Tools for Digital Marketing Analytics,Unilever,,https://www.coursera.org/learn/advanced-tools-for-digital-marketing-analytics,Beginner level,4.7
MLOps Tools: MLflow and Hugging Face,Duke University,,https://www.coursera.org/learn/mlops-mlflow-huggingface-duke,Advanced level,3.7
"Gender, Family, and Social Change in Contemporary South Korea",Yonsei University,,https://www.coursera.org/learn/social-change-korea,Beginner level,4.8
Global Health Innovations Specialization,Imperial College London,,https://www.coursera.org/specializations/global-health-innovations,Beginner level,4.7
Student Success Specialization,American Psychological Association,,https://www.coursera.org/specializations/student-success,Beginner level,4.9
Predictive Modeling and Transforming Clinical Practice,University of Colorado System,,https://www.coursera.org/learn/clinical-predictive-modeling,Intermediate level,0.0
Conflict Management For Everyone  Specialization,Arizona State University,,https://www.coursera.org/specializations/conflictmanagementforeveryone,Beginner level,4.8
Mathematics for Machine Learning: Linear Algebra,Imperial College London,,https://www.coursera.org/learn/linear-algebra-machine-learning,Beginner level,4.7
Transacting on the Blockchain,INSEAD,,https://www.coursera.org/learn/transacting-blockchain,Intermediate level,4.8
Computer Vision with Embedded Machine Learning,Edge Impulse,,https://www.coursera.org/learn/computer-vision-with-embedded-machine-learning,Intermediate level,4.8
Program Management Professional PMI-PgMP® Certification Prep Specialization,LearnKartS,,https://www.coursera.org/specializations/pgmp-program-management-professional-exam-prep-course,Intermediate level,4.1
AWS Core Services,Edureka,,https://www.coursera.org/learn/aws-core-services,Intermediate level,0.0
IBM Data Analyst Capstone Project,IBM,,https://www.coursera.org/learn/ibm-data-analyst-capstone-project,Intermediate level,4.6
Storytelling and influencing: Communicate with impact,Macquarie University,,https://www.coursera.org/learn/communicate-with-impact,Beginner,4.8
Introduction to TCP/IP,Yonsei University,,https://www.coursera.org/learn/tcpip,Beginner level,4.6
Jenkins - From Zero to Hero Specialization,LearnKartS,,https://www.coursera.org/specializations/jenkins-zero-to-hero,Beginner level,3.6
"Incident Response, BC, and DR Concepts",ISC2,,https://www.coursera.org/learn/incident-response-bc-and-dr-concepts,Beginner level,4.7
Networking Fundamentals,"Akamai Technologies, Inc.",,https://www.coursera.org/learn/akamai-networking,Beginner level,4.7
Writing and Editing: Drafting,University of Michigan,,https://www.coursera.org/learn/writing-editing-drafting,Beginner level,4.8
"Project Lifecycle, Information Sharing, and Risk Management",SkillUp EdTech,,https://www.coursera.org/learn/project-lifecycle-information-sharing-risk-management,Beginner level,4.7
AutoCAD 2023 Masterclass - Produce Amazing Site Plans,Packt,,https://www.coursera.org/learn/packt-autocad-2023-masterclass-produce-amazing-site-plans-quickly-qsjyw,Beginner level,0.0
Machine Learning: Theory and Hands-on Practice with Python Specialization,University of Colorado Boulder,,https://www.coursera.org/specializations/machine-learnin-theory-and-hands-on-practice-with-pythong-cu,Intermediate level,3.7
Perform data science with Azure Databricks,Microsoft,,https://www.coursera.org/learn/perform-data-science-with-azure-databricks,Intermediate level,3.3
"Less Stress, Better Health",American Psychological Association,,https://www.coursera.org/learn/less-stress-better-health,Beginner level,0.0
Generative Adversarial Networks (GANs) Specialization,DeepLearning.AI,,https://www.coursera.org/specializations/generative-adversarial-networks-gans,Intermediate level,4.7
Chemerinsky on Constitutional Law - The Structure of Government,"University of California, Irvine",,https://www.coursera.org/learn/chemerinsky-on-constitutional-law-structure-of-government,Beginner level,4.8
Generative AI in HR - Impact and Application of Gen AI,Board Infinity,,https://www.coursera.org/learn/generative-ai-in-hr,Beginner level,4.4
International Organizations Management,University of Geneva,,https://www.coursera.org/learn/international-organizations-management,Beginner level,4.8
Introduction to Python Programming,University of Pennsylvania,,https://www.coursera.org/learn/python-programming-intro,Beginner level,4.5
Natural Language Processing with Classification and Vector Spaces,DeepLearning.AI,,https://www.coursera.org/learn/classification-vector-spaces-in-nlp,Intermediate level,4.6
Relational Database Design,University of Colorado Boulder,,https://www.coursera.org/learn/relational-database-design,Beginner level,4.6
Introduction to Human Behavioral Genetics,University of Minnesota,,https://www.coursera.org/learn/behavioralgenetics,Beginner,4.8
Baseball into the Millennium,University of Colorado Boulder,,https://www.coursera.org/learn/baseball-into-the-millennium,Beginner level,0.0
Electrical Characterization: MOSFETs,Arizona State University,,https://www.coursera.org/learn/electrical-characterization-mosfets,Intermediate level,0.0
Understanding Modern Physics III: Simplicity and Complexity,The Hong Kong University of Science and Technology,,https://www.coursera.org/learn/understanding-modern-physics-3-simplicity-and-complexity,Beginner level,4.8
Responsible Reporting on Suicide for Journalists,Johns Hopkins University,,https://www.coursera.org/learn/responsible-reporting-on-suicide-for-journalists,Beginner level,0.0
Acing the Product Management Interview,Advancing Women in Tech,,https://www.coursera.org/learn/acing-product-management-interviews,Beginner level,4.7
Cybersecurity Risk Management Framework Specialization,Infosec,,https://www.coursera.org/specializations/cybersecurity-risk-management-framework,Beginner level,4.3
Academic Information Seeking,University of Copenhagen,,https://www.coursera.org/learn/academicinfoseek,Beginner,4.7
Fundamentals of Digital Image and Video Processing,Northwestern University,,https://www.coursera.org/learn/digital,Beginner,4.6
"Targets, Assays & Screening",Novartis,,https://www.coursera.org/learn/targets-assays-screening,Intermediate level,4.8
Medical Billing and Coding Fundamentals Specialization,MedCerts,,https://www.coursera.org/specializations/medical-billing-coding-fundamentals,Beginner level,4.8
Advanced Reproducibility in Cancer Informatics,Johns Hopkins University,,https://www.coursera.org/learn/adv-reproducibility-cancer-informatics,Advanced level,0.0
The Basics of Rocket Science,University of Michigan,,https://www.coursera.org/learn/basics-of-rocket-science,Beginner level,4.9
Micro Electromechanical Systems,Indian Institute of Science,,https://www.coursera.org/learn/micro-electromechanical-systems,Beginner level,0.0
AWS Glue Getting Started,Amazon Web Services,,https://www.coursera.org/learn/aws-glue-getting-started,Beginner level,0.0
Prehospital care of acute stroke and patient selection for endovascular treatment using the RACE scale,Universitat de Barcelona,,https://www.coursera.org/learn/acute-stroke-race-scale,Intermediate level,4.8
Advanced Programming in Kotlin,Meta,,https://www.coursera.org/learn/advanced-programming-in-kotlin,Intermediate level,4.7
Data Management Capstone Project,Organization not found,,https://www.coursera.org/learn/data-management-capstone-project,Advanced level,0.0
A Law Student's Toolkit,Yale University,,https://www.coursera.org/learn/law-student,Beginner,4.7
English for Running a Successful Business,"University of California, Irvine",,https://www.coursera.org/learn/english-for-getting-down-to-business,Beginner,4.8
Model Thinking,University of Michigan,,https://www.coursera.org/learn/model-thinking,Intermediate level,4.8
Quality Improvement in Healthcare Specialization,Imperial College London,,https://www.coursera.org/specializations/quality-improvement-healthcare,Beginner level,4.3
Cybersecurity Policy for Water and Electricity Infrastructures,University of Colorado System,,https://www.coursera.org/learn/cybersecurity-policy-water-electricity,Beginner level,4.6
Space Exploration,Technical University of Munich (TUM),,https://www.coursera.org/learn/space-exploration,Intermediate level,0.0
The Oracle Database Multitenant Administration Course,Packt,,https://www.coursera.org/learn/packt-the-oracle-database-multitenant-administration-course-zhi8z,Beginner level,0.0
Central Banks and Monetary Policy,University of Illinois Urbana-Champaign,,https://www.coursera.org/learn/central-banks-monetary-policies,Intermediate level,4.6
Information Technologies and Security in Healthcare Settings,ISC2,,https://www.coursera.org/learn/information-security-in-healthcare-settings,Beginner level,0.0
Project Initiation: Starting a Successful Project,Google,,https://www.coursera.org/learn/project-initiation-google,Beginner level,4.8
Renewable Energy: Fundamentals and Job Opportunities,University at Buffalo,,https://www.coursera.org/learn/renewable-energy-fundamentals,Beginner level,4.7
Constitutional Struggles in the Muslim World,University of Copenhagen,,https://www.coursera.org/learn/muslim-world,Beginner,4.8
Fundamentals of Digital Design for VLSI Chip Design,L&T EduTech,,https://www.coursera.org/learn/fundamentals-of-digital-design-for-vlsi-chip-design,Intermediate level,4.8
Implementing an SAP Solution,SAP,,https://www.coursera.org/learn/implementing-an-sap-solution,Beginner level,4.8
Stakeholder Management,Starweaver,,https://www.coursera.org/learn/stakeholder-management,Beginner level,4.5
Machine Learning and Human Learning,University of Illinois Urbana-Champaign,,https://www.coursera.org/learn/machine-learning-and-human-learning,Beginner level,0.0
Advanced Programming in Swift,Meta,,https://www.coursera.org/learn/advanced-programming-in-swift,Intermediate level,4.7
Business Implications of AI: Full course,EIT Digital,,https://www.coursera.org/learn/business-implications-ai,Beginner level,4.1
Microsoft SQL Server Development for Everyone,Packt,,https://www.coursera.org/learn/packt-microsoft-sql-server-development-for-everyone-3pojn,Beginner level,0.0
The Economics of Health Care Delivery,University of Pennsylvania,,https://www.coursera.org/learn/health-economics-us-healthcare-systems,Beginner,4.8
Cities and Consumption: Urban Sustainability and the Sharing Economy,Lund University,,https://www.coursera.org/learn/sharing-cities,Beginner level,4.7
Address Business Issues with Data Science,CertNexus,,https://www.coursera.org/learn/address-business-issues-with-data-science,Intermediate level,4.5
"Global Disease Masterclass: Communicable Diseases Epidemiology, Intervention and Prevention",Imperial College London,,https://www.coursera.org/learn/global-disease-masterclass-communicable,Beginner level,4.7
Building Services with ASP.NET Web API,Board Infinity,,https://www.coursera.org/learn/building-services-with-asp-net-web-api,Intermediate level,3.9
Excel Modeling for Professionals: Best Practices & Pitfalls,Erasmus University Rotterdam,,https://www.coursera.org/learn/perfectxl-microsoft-excel-course,Intermediate level,4.5
Global Trends for Business and Society,University of Pennsylvania,,https://www.coursera.org/learn/wharton-global-trends-business,Beginner,4.8
Translating Basic Research into Research for Humans,University of Michigan,,https://www.coursera.org/learn/translating-research-for-humans,Beginner level,4.6
Foundations of Local Large Language models,Duke University,,https://www.coursera.org/learn/local-large-language-models,Beginner level,4.6
The Politics of Skepticism,Erasmus University Rotterdam,,https://www.coursera.org/learn/erasmus-philosophy-skepticism,Intermediate level,4.5
Data Pipelines with TensorFlow Data Services,DeepLearning.AI,,https://www.coursera.org/learn/data-pipelines-tensorflow,Intermediate level,4.5
Foundations of Teaching for Learning: Being a Professional,Commonwealth Education Trust,,https://www.coursera.org/learn/professional-teacher,Beginner,4.8
Field BIM,L&T EduTech,,https://www.coursera.org/learn/field-bim,Intermediate level,0.0
Forest Carbon Credits and Initiatives,Michigan State University,,https://www.coursera.org/learn/forest-carbon-credits-and-initiatives,Intermediate level,4.8
International Law in Action: A Guide to the International Courts and Tribunals in The Hague,Universiteit Leiden,,https://www.coursera.org/learn/international-law-in-action,Beginner,4.8
Hands On Clinical Reporting Using R,Genentech,,https://www.coursera.org/learn/hands-on-clinical-reporting-using-r,Intermediate level,0.0
Data-driven Astronomy,The University of Sydney,,https://www.coursera.org/learn/data-driven-astronomy,Intermediate level,4.8
Managing Storage and Networking,SkillUp EdTech,,https://www.coursera.org/learn/managing-storage-and-networking,Intermediate level,0.0
Amazon DynamoDB Primer,Amazon Web Services,,https://www.coursera.org/learn/aws-amazon-dynamodb-service-primer,Beginner,0.0
Sharpened Visions: A Poetry Workshop,California Institute of the Arts,,https://www.coursera.org/learn/poetry-workshop,Beginner level,4.8
Bending the Curve: Climate Change Solutions 2,University of California San Diego,,https://www.coursera.org/learn/bendingthecurve-2,Beginner level,0.0
"Build Regression, Classification, and Clustering Models",CertNexus,,https://www.coursera.org/learn/build-regression-classification-clustering-models,Intermediate level,4.3
"Virtualization, Docker, and Kubernetes for Data Engineering",Duke University,,https://www.coursera.org/learn/virtualization-docker-kubernetes-data-engineering,Advanced level,3.8
Immunology: Adaptive Immune System,Imperial College London,,https://www.coursera.org/learn/immunology-adaptive-immune-system,Intermediate level,4.7
Successful Career Development,Kennesaw State University,,https://www.coursera.org/learn/career-advancement,Beginner level,4.7
Exploring Renewable Energy Schemes,University of Pennsylvania,,https://www.coursera.org/learn/exploring-renewable-energy,Beginner level,4.7
IELTS Listening and Speaking Sections Skills Mastery,"University of California, Irvine",,https://www.coursera.org/learn/ielts-listening-speaking,Beginner level,4.6
Healing with the Arts,University of Florida,,https://www.coursera.org/learn/healing-with-the-arts,Beginner,4.6
Applied ChatGPT for Cybersecurity,Infosec,,https://www.coursera.org/learn/chatgpt-for-cybersecurity,Intermediate level,4.5
"Korean Music, A Philosophical Exploration",Sungkyunkwan University,,https://www.coursera.org/learn/korean-music-a-philosophical-exploration,Intermediate level,0.0
Financial Forecasting and Reporting,University of Colorado Boulder,,https://www.coursera.org/learn/financial-forecasting-and-reporting,Intermediate level,4.7
Responsible AI for Developers Specialization,Google Cloud,,https://www.coursera.org/specializations/responsible-ai-for-developers,Intermediate level,4.9
Clinical Trials Data Management and Quality Assurance,Johns Hopkins University,,https://www.coursera.org/learn/clinical-trials-data-collection-management-quality-assurance,Beginner level,4.8
Design Thinking: Insights to Inspiration,University of Virginia,,https://www.coursera.org/learn/uva-darden-design-thinking-insights-to-inspiration,Beginner level,4.7
The Pronunciation of American English Project,"University of California, Irvine",,https://www.coursera.org/learn/pronunciation-american-english-project,Beginner level,4.7
Introduction to Cloud Identity,Google Cloud,,https://www.coursera.org/learn/cloud-identity,Beginner level,4.6
Self-Driving Cars Specialization,University of Toronto,,https://www.coursera.org/specializations/self-driving-cars,Advanced level,4.7
Getting Started with Data Visualization in R,Johns Hopkins University,,https://www.coursera.org/learn/jhu-getting-started-data-viz-r,Beginner level,4.8
Digital Channel Planning and E-Commerce Strategy,Digital Marketing Institute,,https://www.coursera.org/learn/digital-channel-planning-ecommerce-strategy,Beginner level,4.6
Browser-based Models with TensorFlow.js,DeepLearning.AI,,https://www.coursera.org/learn/browser-based-models-tensorflow,Intermediate level,4.8
Human Factors & Usability Engineering: Designing for Humans Specialization,Arizona State University,,https://www.coursera.org/specializations/human-factors-and-usability-engineering-designing-for-humans,Intermediate level,4.8
Data Engineering in AWS,Whizlabs,,https://www.coursera.org/learn/data-engineering-in-aws,Beginner level,3.6
Swift 5 iOS Application Developer Specialization,LearnQuest,,https://www.coursera.org/specializations/swift-5-ios-app-developer,Beginner level,4.5
Politics and Economics of International Energy,Sciences Po,,https://www.coursera.org/learn/global-energy,Beginner level,4.7
Cross-border road transport in EU law context,Erasmus University Rotterdam,,https://www.coursera.org/learn/transport-eu-law,Advanced level,0.0
Becoming a Cybersecurity Consultant,EIT Digital,,https://www.coursera.org/learn/becoming-a-cybersecurity-consultant,Intermediate level,0.0
Product Analytics and AI,University of Virginia,,https://www.coursera.org/learn/uva-darden-agile-analytics,Beginner level,4.7
Linux for Cloud and DevOps Engineers,Packt,,https://www.coursera.org/learn/packt-linux-for-cloud-and-devops-engineers-7plvl,Beginner level,0.0
Introduction to Tableau,Tableau Learning Partner,,https://www.coursera.org/learn/introduction-to-tableau,Beginner level,4.8
How to Modernize applications with IBM CICS,IBM,,https://www.coursera.org/learn/modernize-applications-ibm-cics,Intermediate level,0.0
Improving Leadership & Governance in Nonprofit Organizations Specialization,The State University of New York,,https://www.coursera.org/specializations/nonprofit,Beginner level,4.5
Database Management Essentials,University of Colorado System,,https://www.coursera.org/learn/database-management,Intermediate level,4.6
"Pharmacy Syringes, Compounding Medications, & Communication",MedCerts,,https://www.coursera.org/learn/pharmacy-syringes-compounding-medications-and-communication,Intermediate level,0.0
Comfort in Buildings,L&T EduTech,,https://www.coursera.org/learn/comfort-in-buildings,Intermediate level,4.8
Healthcare Data Models,"University of California, Davis",,https://www.coursera.org/learn/healthcare-data-models,Intermediate level,4.6
AWS: Security and Cost Optimization strategies,Whizlabs,,https://www.coursera.org/learn/aws-security-and-cost-optimization-strategies,Beginner level,0.0
FL Studio Basics,Berklee,,https://www.coursera.org/learn/fl-studio-basics,Intermediate level,4.5
Transgender Medicine for General Medical Providers,Icahn School of Medicine at Mount Sinai,,https://www.coursera.org/learn/transgender-medicine,Beginner level,4.8
Introduction to Cosmetic and Skincare Science,Olay,,https://www.coursera.org/learn/introduction-to-cosmetic-and-skin-care-science,Beginner level,4.7
Wilderness First Aid - Environmental Emergencies,University of Colorado System,,https://www.coursera.org/learn/wilderness-first-aid-environmental-emergencies,Beginner level,4.9
Python Basics: Selection and Iteration,Codio,,https://www.coursera.org/learn/codio-python-basics,Beginner level,4.6
"Make the Sale: Build, Launch, and Manage E-commerce Stores",Google,,https://www.coursera.org/learn/make-the-sale,Beginner level,4.8
Algal Blooms and Proliferations,University of California San Diego,,https://www.coursera.org/learn/harmful-algal-blooms,Intermediate level,0.0
IBM Back-End Development Professional Certificate,IBM,,https://www.coursera.org/professional-certificates/ibm-backend-development,Beginner level,4.7
"Flutter and Dart: Developing iOS, Android, and Mobile Apps",IBM,,https://www.coursera.org/learn/flutter-and-dart-developing-ios-android-mobile-apps,Beginner level,0.0
Christian Virtues for Spiritual Growth,Duke University,,https://www.coursera.org/learn/christian-theology-virtues,Beginner level,0.0
Large Marine Ecosystems: Assessment and Management,University of Cape Town,,https://www.coursera.org/learn/large-marine-ecosystems,Intermediate level,4.8
Microsoft Azure Data Fundamentals DP-900 Exam Prep Specialization,Microsoft,,https://www.coursera.org/specializations/microsoft-azure-dp-900-data-fundamentals,Beginner level,4.6
Pentesting Fundamentals for Beginners,Packt,,https://www.coursera.org/learn/packt-pentesting-fundamentals-for-beginners-ywdlw,Intermediate level,0.0
Reality Bites: Introduction to metaphysics,Erasmus University Rotterdam,,https://www.coursera.org/learn/metaphysics,Intermediate level,4.5
Principles of Photo Composition and Digital Image Post-Production,Michigan State University,,https://www.coursera.org/learn/photo-composition,Beginner,4.7
Data Mining Methods,University of Colorado Boulder,,https://www.coursera.org/learn/data-mining-methods,Intermediate level,4.0
The City and You: Find Your Best Place,University of Toronto,,https://www.coursera.org/learn/city-and-you-find-best-place,Beginner level,4.6
Advanced Topics in Derivative Pricing,Columbia University,,https://www.coursera.org/learn/financial-engineering-advancedtopics,Intermediate level,4.4
"Sustainable Regional Principles, Planning and Transportation",Johns Hopkins University,,https://www.coursera.org/learn/sustainable-regional-principles-planning-and-transportation,Intermediate level,4.5
"Brand Management: Aligning Business, Brand and Behaviour",University of London,,https://www.coursera.org/learn/brand,Beginner level,4.9
Fundamentals of Software Architecture for Big Data,University of Colorado Boulder,,https://www.coursera.org/learn/software-architecture-for-big-data-fundamentals,Advanced level,3.5
Introduction to Medical Software,Yale University,,https://www.coursera.org/learn/introduction-to-medical-software,Intermediate level,4.7
Engineering of Structures: Response of Structures,Dartmouth College,,https://www.coursera.org/learn/engineering-of-structures-response-of-structures,Beginner level,4.9
Finance for Non-Financial Professionals,"University of California, Irvine",,https://www.coursera.org/learn/finance-for-non-finance-managers,Beginner,4.6
Nutrition and Weight Management for Fitness Professionals,National Academy of Sports Medicine,,https://www.coursera.org/learn/nutrition-and-weight-management-for-fitness-professionals,Beginner level,0.0
Advanced Data Visualization with Tableau,SkillUp EdTech,,https://www.coursera.org/learn/advanced-data-visualization-with-tableau,Intermediate level,4.8
"Managing, Describing, and Analyzing Data",University of Colorado Boulder,,https://www.coursera.org/learn/managing-describing-analyzing-data,Beginner level,4.6
Sports and Society,Duke University,,https://www.coursera.org/learn/sports-society,Beginner,4.8
Supply Chain Management Specialization,Rutgers the State University of New Jersey,,https://www.coursera.org/specializations/supply-chain-management,Beginner level,4.8
Advanced Business Analytics Capstone,University of Colorado Boulder,,https://www.coursera.org/learn/data-analytics-business-capstone,Intermediate level,4.3
Piling Construction and practices Specialization,L&T EduTech,,https://www.coursera.org/specializations/piling-construction-and-practices,Advanced level,4.2
Navigating Generative AI for Leaders Specialization,Coursera,,https://www.coursera.org/specializations/navigating-generative-ai-for-leaders,Beginner level,4.9
Using Python to Interact with the Operating System,Google,,https://www.coursera.org/learn/python-operating-system,Beginner level,4.7
Prepare for AZ-204: Developing Solutions for Microsoft Azure,Microsoft,,https://www.coursera.org/learn/az-204-developing-solutions-for-microsoft-azure,Intermediate level,4.6
International Security Management,Erasmus University Rotterdam,,https://www.coursera.org/learn/international-security-management,Beginner level,4.7
Introduction to Juniper Cloud Concepts Specialization,Juniper Networks,,https://www.coursera.org/specializations/juniper-networks-cloud-intro,Beginner level,4.3
Application Programming Fundamentals,LearnQuest,,https://www.coursera.org/learn/application-programming-fundamentals,Beginner level,4.4
"Lesson | Business English Skills: How to Navigate Tone, Formality, and Directness in Emails",University of Washington,,https://www.coursera.org/learn/business-english-skills-how-to-navigate-tone-formality-directness-in-emails,Intermediate level,4.5
Drug Hunting: The Science of Making New Medicines Specialization,Novartis,,https://www.coursera.org/specializations/drug-hunting-discovery-and-development,Intermediate level,4.9
Emphasizing Christian Formation,Duke University,,https://www.coursera.org/learn/theology-emphasizing-christian-formation,Beginner level,0.0
Mastering UX & Business App Development with OOP,Northeastern University,,https://www.coursera.org/learn/mastering-ux-business-app-development-with-oop,Intermediate level,0.0
Human Resource Management: HR for People Managers Specialization,University of Minnesota,,https://www.coursera.org/specializations/human-resource-management,Beginner level,4.8
Online teaching: Using Zoom to connect with learners,Macquarie University,,https://www.coursera.org/learn/using-zoom-to-connect-with-learners,Beginner level,4.8
Robotics: Computational Motion Planning,University of Pennsylvania,,https://www.coursera.org/learn/robotics-motion-planning,Beginner,4.3
Foundational Sustainability Skills & Competencies,Arizona State University,,https://www.coursera.org/learn/sustainability-skills-and-competencies,Beginner level,4.3
Customer Centricity with Professor Jagdish Sheth Specialization,Kennesaw State University,,https://www.coursera.org/specializations/customercentricity,Beginner level,4.8
Anatomy & Physiology: Support & Movement,Rice University,,https://www.coursera.org/learn/anatomy--physiology-support--movement,Intermediate level,4.9
Contemporary India,The University of Melbourne,,https://www.coursera.org/learn/india,Beginner level,4.2
Addiction Treatment: Clinical Skills for Healthcare Providers,Yale University,,https://www.coursera.org/learn/addiction-treatment,Beginner level,4.8
Create High-Fidelity Designs and Prototypes in Figma,Google,,https://www.coursera.org/learn/high-fidelity-designs-prototype,Beginner level,4.8
Introduction to Key Constitutional Concepts and Supreme Court Cases,University of Pennsylvania,,https://www.coursera.org/learn/constitution,Beginner level,4.8
Azure Infrastructure Fundamentals,LearnQuest,,https://www.coursera.org/learn/azure-infrastructure,Advanced level,3.7
Speaking and Presenting: Poise,University of Michigan,,https://www.coursera.org/learn/speaking-and-presenting-poise,Beginner level,4.6
DevOps Culture and Mindset,"University of California, Davis",,https://www.coursera.org/learn/devops-culture-and-mindset,Intermediate level,4.7
Uncommon Sense Teaching Specialization,Deep Teaching Solutions,,https://www.coursera.org/specializations/uncommon-sense-teaching-certificate,Beginner level,4.9
Better Business Writing in English,Georgia Institute of Technology,,https://www.coursera.org/learn/business-writing-english,Beginner level,4.7
Artificial Intelligence and legal issues,Politecnico di Milano,,https://www.coursera.org/learn/artificial-intelligence-and-legal-issues,Beginner level,4.4
Introduction to C++,Infosec,,https://www.coursera.org/learn/introduction-to-c,Beginner,0.0
Driving business towards the Sustainable Development Goals,Erasmus University Rotterdam,,https://www.coursera.org/learn/sdgbusiness,Beginner level,4.8
Strategy and Game Theory for Management,IIMA - IIM Ahmedabad,,https://www.coursera.org/learn/strategy-and-game-theory-for-management,Intermediate level,4.9
Nursing Informatics(护理信息学),Peking University,,https://www.coursera.org/learn/nursing-informatics,Intermediate level,0.0
"Modern Robotics, Course 1:  Foundations of Robot Motion",Northwestern University,,https://www.coursera.org/learn/modernrobotics-course1,Intermediate level,4.7
Business Strategy,University of Illinois Urbana-Champaign,,https://www.coursera.org/learn/strategy-business,Intermediate level,4.8
5G Network Architecture and Protocols,LearnQuest,,https://www.coursera.org/learn/5g-mobile-networks-course-2,Intermediate level,0.0
Building and Training Neural Networks with PyTorch,Packt,,https://www.coursera.org/learn/packt-building-and-training-neural-networks-with-pytorch-jmkne,Intermediate level,0.0
JavaScript Full Stack Capstone Project,IBM,,https://www.coursera.org/learn/javascript-full-stack-capstone-project,Advanced level,4.8
Explainable Machine Learning (XAI),Duke University,,https://www.coursera.org/learn/explainable-machine-learning-xai,Intermediate level,0.0
Angular 17 Overview & Basics,LearnQuest,,https://www.coursera.org/learn/angular17course1,Beginner level,4.4
Teach English Now! Capstone Project 2,Arizona State University,,https://www.coursera.org/learn/teaching-english-capstone-2,Beginner level,4.9
Computer Communications Specialization,University of Colorado System,,https://www.coursera.org/specializations/computer-communications,Intermediate level,4.7
Electron and Ion Beam Characterization,Arizona State University,,https://www.coursera.org/learn/electron-and-ion-beam-characterization,Intermediate level,0.0
Generative AI Essentials: A Comprehensive Introduction,Fractal Analytics,,https://www.coursera.org/learn/generative-ai-essentials-comprehensive-introduction,Beginner level,4.4
Working with Data,Meta,,https://www.coursera.org/learn/meta-working-with-data,Intermediate level,4.8
Exam Prep CJE: Certified Jenkins Engineer,Whizlabs,,https://www.coursera.org/learn/cje-certified-jenkins-engineer,Beginner level,0.0
Medical Applications of Particle Accelerators (NPAP MOOC),Lund University,,https://www.coursera.org/learn/medical-applications-particle-accelerators,Beginner level,4.6
The Emergence of the Modern Middle East - Part II,Tel Aviv University,,https://www.coursera.org/learn/modern-middle-east-2,Beginner,4.8
IBM DevOps and Software Engineering Professional Certificate,IBM,,https://www.coursera.org/professional-certificates/devops-and-software-engineering,Beginner level,4.7
Security Infrastructure Management,Codio,,https://www.coursera.org/learn/codio-security-infrastructure-management,Beginner level,0.0
User Experience: Research & Prototyping,University of California San Diego,,https://www.coursera.org/learn/user-research,Beginner,4.6
US Social Services Compared,Columbia University,,https://www.coursera.org/learn/welfare-state,Beginner level,4.8
Introduction of Pile Foundation,L&T EduTech,,https://www.coursera.org/learn/introduction-of-pile-foundation,Intermediate level,0.0
A Bridge to the World: Korean Language for Beginners Ⅰ,Sungkyunkwan University,,https://www.coursera.org/learn/korean-beginners,Beginner level,4.8
Herbal Medicine,University of Minnesota,,https://www.coursera.org/learn/herbalmedicine,Intermediate level,4.8
In the Trenches: Security Operations Center,EC-Council,,https://www.coursera.org/learn/in-the-trenches-security-operations-center,Beginner level,4.7
Local Economic Development,Erasmus University Rotterdam,,https://www.coursera.org/learn/local-economic-development,Beginner level,4.8
Fundamentals of Networking and Cisco Devices,Packt,,https://www.coursera.org/learn/packt-fundamentals-of-networking-and-cisco-devices-gvjwp,Beginner level,0.0
The Art & Science of Product Management,Advancing Women in Tech,,https://www.coursera.org/learn/pms-leading-design-engineering-ai-ml,Beginner level,4.4
Data Visualization,University of Illinois Urbana-Champaign,,https://www.coursera.org/learn/datavisualization,Beginner,4.5
Introduction to Business Specialization,"University of California, Irvine",,https://www.coursera.org/specializations/business-introduction,Beginner level,4.7
Amazon Kinesis Video Streams - Getting Started,Amazon Web Services,,https://www.coursera.org/learn/aws-amazon-kinesis-video-streams-getting-started,Beginner level,0.0
Preparing for AI-900: Microsoft Azure AI Fundamentals exam,Microsoft,,https://www.coursera.org/learn/microsoft-ai-900-exam-prep,Beginner level,4.7
The Business of Product Management II,Advancing Women in Tech,,https://www.coursera.org/learn/real-world-product-management-skills,Beginner level,4.6
New paradigms in wastewater management,Politecnico di Milano,,https://www.coursera.org/learn/new-paradigms-in-wastewater-management,Beginner level,4.8
Learn JavaScript,Scrimba,,https://www.coursera.org/learn/learn-javascript,Beginner level,4.7
Neural Networks and Deep Learning,DeepLearning.AI,,https://www.coursera.org/learn/neural-networks-deep-learning,Intermediate level,4.9
Human Anatomy & Physiology I Specialization,Rice University,,https://www.coursera.org/specializations/human-anatomy-physiology-1,Intermediate level,4.8
Mobile Computing and Cloud,Illinois Tech,,https://www.coursera.org/learn/illinois-tech-mobile-computing-and-cloud,Beginner level,4.8
Ancient Philosophy: Plato & His Predecessors,University of Pennsylvania,,https://www.coursera.org/learn/plato,Beginner,4.8
History of Mental Illness,Wesleyan University,,https://www.coursera.org/learn/history-mental-illness,Beginner level,4.6
"Digestion, Micturition, and Reproduction",MedCerts,,https://www.coursera.org/learn/digestion-micturition-reproduction,Beginner level,4.8
Advanced Business Analysis: Elicitation & Analysis,Starweaver,,https://www.coursera.org/learn/advanced-business-analysis-elicitation-analysis,Intermediate level,4.8
Regression Models,Johns Hopkins University,,https://www.coursera.org/learn/regression-models,Beginner,4.4
"Revolutionary Ideas: Borders, Elections, Constitutions, Prisons",Rutgers the State University of New Jersey,,https://www.coursera.org/learn/revolutionary-ideas-borders-elections-constitutions-prisons,Beginner level,4.8
Epidemiology for Public Health Specialization,Imperial College London,,https://www.coursera.org/specializations/public-health-epidemiology,Beginner level,4.8
"HTML, CSS, and Javascript for Web Developers",Johns Hopkins University,,https://www.coursera.org/learn/html-css-javascript-for-web-developers,Beginner,4.7
IoT Communications and Networks,Institut Mines-Télécom,,https://www.coursera.org/learn/iot-communications-networks,Intermediate level,0.0
Excel Skills for Business: Advanced,Macquarie University,,https://www.coursera.org/learn/excel-advanced,Intermediate level,4.7
Project Management Fundamentals,LearnKartS,,https://www.coursera.org/learn/pmi-pmp-certification-training-course-project-management-fundamentals,Beginner level,4.4
"Image Segmentation, Filtering, and Region Analysis",MathWorks,,https://www.coursera.org/learn/image-segmentation,Beginner level,4.8
Google Cloud Database Engineer Specialization,Google Cloud,,https://www.coursera.org/specializations/google-cloud-database-engineer,Intermediate level,4.8
Odesa: Jews in the Modern World,"University of California, Santa Cruz",,https://www.coursera.org/learn/odesa,Beginner level,4.7
Cybersecurity Threat Vectors and Mitigation,Microsoft,,https://www.coursera.org/learn/cybersecurity-threat-vectors-and-mitigation,Beginner level,4.7
Better Learning,American Psychological Association,,https://www.coursera.org/learn/better-learning,Beginner level,0.0
Fundamentals of Network Communication,University of Colorado System,,https://www.coursera.org/learn/fundamentals-network-communications,Intermediate level,4.6
RESTful Web Services with JAX-RS,LearnQuest,,https://www.coursera.org/learn/restful-web-services-jax-rs,Beginner level,4.5
Organizational Change and Culture for Adopting Google Cloud Specialization,Google Cloud,,https://www.coursera.org/specializations/organizational-change-and-culture-for-adopting-google-cloud,Beginner level,4.8
Pharmacy Technician Fundamentals Specialization,MedCerts,,https://www.coursera.org/specializations/pharmacy-technician-fundamentals,Beginner level,4.8
Causal Inference  2,Columbia University,,https://www.coursera.org/learn/causal-inference-2,Advanced level,3.4
AWS: Storage,Whizlabs,,https://www.coursera.org/learn/aws-storage,Intermediate level,0.0
Planning for Climate Change in African Cities,United Cities and Local Governments of Africa,,https://www.coursera.org/learn/climate-change-africa,Intermediate level,4.7
Sex from Molecules to Elephants,Hebrew University of Jerusalem,,https://www.coursera.org/learn/sex-from-molecules-to-elephants,Beginner level,0.0
Network Defense Essentials (NDE),EC-Council,,https://www.coursera.org/learn/network-defense-essentials-nde,Beginner level,4.5
Spanish Vocabulary: Meeting People,"University of California, Davis",,https://www.coursera.org/learn/spanish-vocabulary-meeting-people,Beginner level,4.6
The Social Dimensions of Antimicrobial Resistance,University of Amsterdam,,https://www.coursera.org/learn/the-social-dimensions-of-antimicrobial-resistance,Intermediate level,0.0
Detecting and Mitigating Cyber Threats and Attacks,University of Colorado System,,https://www.coursera.org/learn/detecting-cyber-attacks,Beginner level,4.7
Power Electronics Specialization,University of Colorado Boulder,,https://www.coursera.org/specializations/power-electronics,Intermediate level,4.8
Sexing the Canvas: Art and Gender,The University of Melbourne,,https://www.coursera.org/learn/gender-art,Beginner level,4.6
Google Cloud Cybersecurity Professional Certificate,Google Cloud,,https://www.coursera.org/professional-certificates/google-cloud-cybersecurity-certificate,Beginner level,4.7
Algorithms for DNA Sequencing,Johns Hopkins University,,https://www.coursera.org/learn/dna-sequencing,Beginner,4.7
Archaeology and Heritage of Africa,Universitat Autònoma de Barcelona,,https://www.coursera.org/learn/archaeology-heritage-africa,Beginner level,4.7
Bash Scripting and System Configuration,Codio,,https://www.coursera.org/learn/codio-bash-scripting-and-system-configuration,Beginner level,0.0
Smart Contracts,University at Buffalo,,https://www.coursera.org/learn/smarter-contracts,Intermediate level,4.6
Generative AI for Healthcare,Google Cloud,,https://www.coursera.org/learn/generative-ai-for-healthcare,Intermediate level,0.0
Cost and Economics in Pricing Strategy,University of Virginia,,https://www.coursera.org/learn/uva-darden-bcg-pricing-strategy-cost-economics,Beginner level,4.8
Foundations of Red Hat Cloud-native Development,Red Hat,,https://www.coursera.org/learn/foundations-of-red-hat-cloud-native-development,Intermediate level,4.6
Scrum Master Certification: Scaling Agile and the Team-of-Teams,LearnQuest,,https://www.coursera.org/learn/scaling-agile-and-the-team-of-teams,Beginner level,4.5
Introduction to Integrative Nursing,University of Minnesota,,https://www.coursera.org/learn/intergrative-nursing-introduction,Beginner level,4.7
Version Control,Meta,,https://www.coursera.org/learn/introduction-to-version-control,Beginner level,4.6
Foundations of Digital Marketing and E-commerce,Google,,https://www.coursera.org/learn/foundations-of-digital-marketing-and-e-commerce,Beginner level,4.8
Microsoft Project Management  Professional Certificate,Microsoft,,https://www.coursera.org/professional-certificates/microsoft-project-management,Beginner level,4.7
Introduction to Basic Vibrations,Korea Advanced Institute of Science and Technology(KAIST),,https://www.coursera.org/learn/introduction-basic-vibrations,Intermediate level,4.6
Connect and Protect: Networks and Network Security,Google,,https://www.coursera.org/learn/networks-and-network-security,Beginner level,4.8
Introduction to DevOps,IBM,,https://www.coursera.org/learn/intro-to-devops,Beginner level,4.8
Intel® Network Academy - Network Transformation 102,Intel,,https://www.coursera.org/learn/network-transformation-102,Beginner level,4.6
Algebra and Differential Calculus for Data Science,University of Colorado Boulder,,https://www.coursera.org/learn/algebra-and-differential-calculus-for-data-science,Intermediate level,4.5
Serverless Data Processing with Dataflow Specialization,Google Cloud,,https://www.coursera.org/specializations/serverless-data-processing-with-dataflow,Intermediate level,4.1
